DROP DATABASE IF EXISTS pmana;
CREATE DATABASE pmana;
USE pmana;
CREATE TABLE ubicacion(
  codubi INT(255) PRIMARY kEY AUTO_INCREMENT,
  munubi VARCHAR(255)
);
INSERT INTO `ubicacion` (`munubi`) VALUES
('Abejorral'),
('Ábrego'),
('Abriaquí'),
('Acacías'),
('Acandí'),
('Acevedo'),
('Achí'),
('Agrado'),
('Agua de Dios'),
('Aguachica'),
('Aguada'),
('Aguadas'),
('Aguazul'),
('Agustín Codazzi'),
('Aipe'),
('Albán'),
('Albania'),
('Alcalá'),
('Aldana'),
('Alejandría'),
('Algarrobo'),
('Algeciras'),
('Almaguer'),
('Almeida'),
('Alpujarra'),
('Altamira'),
('Alto Baudó'),
('Altos del Rosario'), 
('Alvarado'),
('Amagá'),
('Amalfi'),
('Ambalema'),
('Anapoima'),
('Ancuya'),
('Andalucía'),
('Andes'),
('Angelópolis'),
('Angostura'),
('Anolaima'),
('Anorí'),
('Anserma'),
('Ansermanuevo'),
('Anzá'),
('Anzoátegui'),
('Apartadó'),
('Apía'),
('Apulo'),
('Aquitania'),
('Aracataca'),
('Aranzazu'),
('Aratoca'),
('Arauca'),
('Arbeláez'),
('Arboleda'),
('Arboledas'),
('Arboletes'),
('Arcabuco'),
('Arenal'),
('Argelia'),
('Argelia'),
('Argelia'),
('Ariguaní'),
('Arjona'),
('Armenia'),
('Armero'),
('Arroyohondo'),
('Astrea'),
('Ataco'),
('Ayapel'),
('Bagadó'),
('Solano Bahía'),
('Bajo Baudó'),
('Balboa'),
('Baranoa'),
('Baraya'),
('Barbacoas'),
('Barbosa'),
('Barichara'),
('Barranca de Upía'),
('Barrancabermeja'),
('Barrancas'),
('Barranco de Loba'),
('Barrancominas'),
('Barranquilla'),
('Becerril'),
('Belalcázar'),
('Belén'),
('Bello'),
('Belmira'),
('Beltrán'),
('Berbeo'),
('Betania'),
('Betéitiva'),
('Betulia'),
('Bituima'),
('Boavita'),
('Bochalema'),
('Bogotá'),
('Bojacá'),
('Bojayá'),
('Bolívar'),
('Bosconia'),
('Boyacá'),
('Briceño'),
('Bucaramanga'),
('Bucarasica'),
('Buenaventura'),
('Buenavista'),
('Buenos Aires'),
('Buesaco'),
('Buga'),
('Bugalagrande'),
('Buriticá'),
('Busbanzá'),
('Cabrera'),
('Cabrera'),
('Cabuyaro'),
('Cáceres'),
('Cachipay'),
('Cáchira de Santander'),
('Cácota'),
('Caicedo'),
('Caicedonia'),
('Caimito'),
('Cajamarca'),
('Cajibío'),
('Cajicá'),
('Calamar'),
('Calarcá'),
('Caldas'),
('Caldono'),
('Cali'),
('California'),
('Calima'),
('Caloto'),
('Campamento'),
('Campo de la Cruz'),
('Campoalegre'),
('Campohermoso'),
('Canalete'),
('Candelaria'),
('Candelaria'),
('Cantagallo'),
('Cantón de San Pablo'),
('Cañasgordas'),
('Caparrapí'),
('Capitanejo'),
('Caqueza'),
('Caracolí'),
('Caramanta'),
('Carcasí'),
('Carepa'),
('Carmen'),
('Carolina'),
('Cartagena'),
('Cartago'),
('Carurú'),
('Casabianca'),
('Castilla la Nueva'),
('Caucasia'),
('Cepitá'),
('Cereté'),
('Cerinza'),
('Cerrito'),
('Cerro de San Antonio'),
('Cértegui'),
('Chachagüí'),
('Chaguaní'),
('Chalán'),
('Chámeza'),
('Chaparral'),
('Charalá'),
('Charta'),
('Chía'),
('Chibolo'),
('Chigorodó'),
('Chima'),
('Chimichagua'),
('Chinácota'),
('Chinavita'),
('Chinchiná'),
('Chinú'),
('Chipaque'),
('Chipatá'),
('Chiquinquirá'),
('Chíquiza'),
('Chiriguaná'),
('Chiscas'),
('Chita'),
('Chitagá'),
('Chitaraque'),
('Chivatá'),
('Chivor'),
('Choachí'),
('Chocontá'),
('Cicuco'),
('Ciénaga'),
('Ciénaga de Oro'),
('Ciénega'),
('Cimitarra'),
('Circasia'),
('Cisneros'),
('Clemencia'),
('Cocorná'),
('Coello'),
('Cogua'),
('Colón'),
('Colosó'),
('Cómbita'),
('Concepción'),
('Concordia'),
('Confines'),
('Consacá'),
('Contadero'),
('Contratación'),
('Convención'),
('Copacabana'),
('Coper'),
('Córdoba'),
('Corinto'),
('Coromoro'),
('Corozal'),
('Corrales'),
('Cota'),
('Cotorra'),
('Covarachía'),
('Coveñas'),
('Coyaima'),
('Cravo Norte'),
('Cuaspud'),
('Cubará'),
('Cubarral'),
('Cucaita'),
('Cucunubá'),
('Cúcuta'),
('Cucutilla'),
('Cuítiva'),
('Cumaral'),
('Cumaribo'),
('Cumbal'),
('Cumbitara'),
('Cunday'),
('Curillo'),
('Curití'),
('Curumaní'),
('Dabeiba'),
('Dagua'),
('Dibulla'),
('Distracción'),
('Dolores'),
('Donmatías'),
('Dosquebradas'),
('Duitama'),
('Duranía  '),
('Ebéjico'),
('El Águila'),
('El Atrato'),
('El Bagre'),
('El Banco'),
('El Cairo'),
('El Calvario'),
('El Carmen  '),
('El Carmen de Atrato'),
('El Carmen de Bolívar'),
('El Carmen de Chucurí'),
('El Carmen de Viboral'),
('El Carmen del Darién'),
('El Castillo'),
('El Cerrito'),
('El Charco'),
('El Cocuy'),
('El Colegio'),
('El Copey'),
('El Doncello'),
('El Dorado'),
('El Dovio'),
('El Espinal'),
('El Espino'),
('El Guacamayo'),
('El Guamo'),
('El Molino'),
('El Paso'),
('El Paujil'),
('El Peñol'),
('El Pital'),
('El Playón'),
('El Retén'),
('El Retiro'),
('El Retorno'),
('El Roble'),
('El Rosal'),
('El Rosario'),
('El Santuario'),
('El Socorro'),
('El Tablón'),
('El Tambo'),
('El Tarra  '),
('El Zulia  '),
('Elías'),
('Encino'),
('Entrerríos'),
('Envigado'),
('Facatativá'),
('Falán'),
('Filadelfia'),
('Filandia'),
('Firavitoba'),
('Flandes'),
('Florencia'),
('Florencia'),
('Floresta'),
('Florián'),
('Florida'),
('Floridablanca'),
('Fómeque'),
('Fonseca'),
('Fortul'),
('Fosca'),
('Francisco'),
('Fredonia'),
('Fresno'),
('Frontino'),
('Fuente de Oro'),
('Fundación'),
('Funes'),
('Funza'),
('Fúquene'),
('Fusagasugá'),
('Gachalá'),
('Gachancipá'),
('Gachantivá'),
('Gachetá'),
('Galán'),
('Galapa'),
('Galeras'),
('Gama'),
('Gamarra'),
('Gámbita'),
('Gámeza'),
('Garagoa'),
('Garzón'),
('Génova'),
('Gigante'),
('Ginebra'),
('Giraldo'),
('Girardot'),
('Girardota'),
('Girón'),
('Gómez Plata'),
('González'),
('Gramalote  '),
('Granada'),
('Guaca'),
('Guacamayas'),
('Guacarí'),
('Guachené'),
('Guachetá'),
('Guachucal'),
('Guadalupe'),
('Guaduas'),
('Guaitarilla'),
('Gualmatán'),
('Guamal'),
('Guamo'),
('Guapí'),
('Guapotá'),
('Guaranda'),
('Guarne'),
('Guasca'),
('Guatapé'),
('Guataquí'),
('Guatavita'),
('Guateque'),
('Guática'),
('Guavatá'),
('Guayabal de Síquima'),
('Guayabetal'),
('Guayatá'),
('Güepsa'),
('Güicán'),
('Gutiérrez'),
('Hacarí  '),
('Hatillo de Loba'),
('Hato Corozal'),
('Hato'),
('Hatonuevo'),
('Heliconia'),
('Herrán  '),
('Herveo'),
('Hispania'),
('Hobo'),
('Honda'),
('Ibagué'),
('Icononzo'),
('Iles'),
('Imués'),
('Inírida'),
('Inzá'),
('Ipiales'),
('Íquira'),
('Isnos'),
('Itagüí'),
('Istmina'),
('Ituango'),
('Iza'),
('Jambaló'),
('Jamundí'),
('Jardín'),
('Jenesano'),
('Jericó'),
('Jericó'),
('Jerusalén'),
('Jesús María'),
('Jordán'),
('Juan de Acosta'),
('Junín'),
('Juradó'),
('La Apartada'),
('La Argentina'),
('La Belleza'),
('La Calera'),
('La Capilla'),
('La Ceja'),
('La Celia'),
('La Cruz'),
('La Cumbre'),
('La Dorada'),
('La Esperanza  '),
('La Estrella'),
('La Florida'),
('La Gloria'),
('La Jagua de Ibirico'),
('La Jagua del Pilar'),
('La Llanada'),
('La Macarena'),
('La Merced'),
('La Mesa'),
('La Montañita'),
('La Palma'),
('La Paz'),
('La Paz'),
('La Peña'),
('La Pintada'),
('La Plata'),
('La Playa de Belén  '),
('La Primavera'),
('La Salina'),
('La Sierra'),
('La Tebaida'),
('La Tola'),
('La Unión'),
('La Unión'),
('La Unión'),
('La Unión'),
('La Uribe'),
('La Uvita'),
('La Vega'),
('La Vega'),
('La Victoria'),
('La Victoria'),
('La Virginia'),
('Labateca  '),
('Labranzagrande'),
('Landázuri'),
('Lebrija'),
('Leiva'),
('Lejanías'),
('Lenguazaque'),
('Lérida'),
('Leticia'),
('Líbano'),
('Liborina'),
('Linares'),
('Litoral de San Juan'),
('Lloró'),
('López'),
('Lorica'),
('Los Andes'),
('Los Córdobas'),
('Los Palmitos'),
('Los Patios  '),
('Los Santos'),
('Lourdes  '),
('Luruaco'),
('Macanal'),
('Macaravita'),
('Maceo'),
('Machetá'),
('Madrid'),
('Magangué'),
('Magüí Payán'),
('Mahates'),
('Maicao'),
('Majagual'),
('Málaga'),
('Malambo'),
('Mallama'),
('Manatí'),
('Manaure'),
('Manaure'),
('Maní'),
('Manizales'),
('Manta'),
('Manzanares'),
('Mapiripán'),
('Margarita'),
('María la Baja'),
('Marinilla'),
('Maripí'),
('Mariquita'),
('Marmato'),
('Marquetalia'),
('Marsella'),
('Marulanda'),
('Matanza'),
('Medellín'),
('Medina'),
('Medio Atrato'),
('Medio Baudó'),
('Medio San Juan'),
('Melgar'),
('Mercaderes'),
('Mesetas'),
('Miraflores'),
('Miraflores'),
('Miranda'),
('Mistrató'),
('Mitú  Vaupés'),
('Mocoa  '),
('Mogotes'),
('Molagavita'),
('Momil'),
('Mompós'),
('Mongua'),
('Monguí'),
('Moniquirá'),
('Montebello'),
('Montecristo'),
('Montelíbano'),
('Montenegro'),
('Montería'),
('Monterrey'),
('Moñitos'),
('Morales'),
('Morales'),
('Morelia'),
('Morroa'),
('Mosquera'),
('Mosquera'),
('Motavita'),
('Murillo'),
('Murindó'),
('Mutatá'),
('Mutiscua  '),
('Muzo'),
('Nariño'),
('Nariño'),
('Nariño'),
('Nátaga'),
('Natagaima'),
('Nechí'),
('Necoclí'),
('Neira'),
('Neiva'),
('Nemocón'),
('Nilo'),
('Nimaima'),
('Nobsa'),
('Nocaima'),
('Norcasia'),
('Norosí'),
('Nóvita'),
('Nueva Granada'),
('Nuevo Colón'),
('Nunchía'),
('Nuquí'),
('Obando'),
('Ocamonte'),
('Ocaña  '),
('Oiba'),
('Oicatá'),
('Olaya'),
('Olaya Herrera'),
('Onzaga'),
('Oporapa'),
('Orito  '),
('Orocué'),
('Ortega'),
('Ospina'),
('Otanche'),
('Ovejas'),
('Pachavita'),
('Pacho'),
('Pácora'),
('Padilla'),
('Páez'),
('Paicol'),
('Pailitas'),
('Paime'),
('Paipa'),
('Pajarito'),
('Palermo'),
('Palestina'),
('Palestina'),
('Palmar de Varela'),
('Palmar'),
('Palmas del Socorro'),
('Palmira'),
('Palocabildo'),
('Pamplona  '),
('Pamplonita  '),
('Pandi'),
('Panqueba'),
('Páramo'),
('Paratebueno'),
('Pasca'),
('Pasto'),
('Patía'),
('Pauna'),
('Paya'),
('Paz de Ariporo'),
('Paz del Río'),
('Pedraza'),
('Pelaya'),
('Pensilvania'),
('Peque'),
('Pereira'),
('Pesca'),
('Piamonte'),
('Piedecuesta'),
('Piedras'),
('Piendamó'),
('Pijao'),
('Pijiño del Carmen'),
('Pinchote'),
('Pinillos'),
('Piojó'),
('Pisba'),
('Pitalito'),
('Pivijay'),
('Planadas'),
('Planeta Rica'),
('Plato'),
('Policarpa'),
('Polonuevo'),
('Ponedera'),
('Popayán'),
('Pore'),
('Potosí'),
('Pradera'),
('Prado'),
('Providencia'),
('Providencia'),
('Pueblo Viejo'),
('Pueblo Bello'),
('Pueblo Nuevo'),
('Pueblo Rico'),
('Pueblorrico'),
('Puente Nacional'),
('Puerres'),
('Puerto Asís  '),
('Puerto Berrío'),
('Puerto Boyacá'),
('Puerto Caicedo  '),
('Puerto Carreño'),
('Puerto Colombia'),
('Puerto Concordia'),
('Puerto Escondido'),
('Puerto Gaitán'),
('Puerto Guzmán'),
('Puerto Leguízamo '),
('Puerto Libertador'),
('Puerto Lleras'),
('Puerto López'),
('Puerto Milán'),
('Puerto Nare'),
('Puerto Nariño Amazonas'),
('Puerto Parra'),
('Puerto Rico'),
('Puerto Rico'),
('Puerto Rondón'),
('Puerto Salgar'),
('Puerto Santander  '),
('Puerto Tejada'),
('Puerto Triunfo'),
('Puerto Wilches'),
('Pulí'),
('Pupiales'),
('Puracé'),
('Purificación'),
('Purísima'),
('Quebradanegra'),
('Quetame'),
('Quibdó'),
('Quimbaya'),
('Quinchía'),
('Quípama'),
('Quipile'),
('Ragonvalia'),
('Ramiriquí'),
('Ráquira'),
('Recetor'),
('Regidor'),
('Remedios'),
('Remolino'),
('Repelón'),
('Restrepo'),
('Restrepo'),
('Ricaurte'),
('Ricaurte'),
('Río de Oro'),
('Río Iró'),
('Río Quito'),
('Río Viejo'),
('Rioblanco'),
('Riofrío'),
('Riohacha'),
('Rionegro'),
('Rionegro'),
('Riosucio'),
('Riosucio'),
('Risaralda'),
('Rivera'),
('Roberto Payán'),
('Roldanillo'),
('Roncesvalles'),
('Rondón'),
('Rosas'),
('Rovira'),
('Sabana de Torres'),
('Sabanas de San Ángel'),
('Sabanagrande'),
('Sabanalarga'),
('Sabanalarga'),
('Sabanalarga'),
('Sabaneta'),
('Saboyá'),
('Sácama'),
('Sáchica'),
('Sahagún'),
('Saladoblanco'),
('Salamina'),
('Salamina'),
('Salazar de Las Palmas  '),
('Saldaña'),
('Salento'),
('Salgar'),
('Samacá'),
('Samaná'),
('Samaniego'),
('Sampués'),
('San Agustín'),
('San Alberto'),
('San Andrés  San Andrés y Providencia'),
('San Andrés'),
('San Andrés de Cuerquia'),
('San Andrés de Sotavento'),
('San Antero'),
('San Antonio'),
('San Antonio de Palmito'),
('San Antonio del Tequendama'),
('San Benito'),
('San Benito Abad'),
('San Bernardo'),
('San Bernardo'),
('San Bernardo del Viento'),
('San Calixto  '),
('San Carlos'),
('San Carlos'),
('San Carlos de Guaroa'),
('San Cayetano'),
('San Cayetano  '),
('San Cristóbal'),
('San Diego'),
('San Eduardo'),
('San Estanislao'),
('San Fernando'),
('San Francisco'),
('San Francisco'),
('San Francisco  '),
('San Gil'),
('San Jacinto'),
('San Jacinto del Cauca'),
('San Jerónimo'),
('San Joaquín'),
('San José'),
('San José de Albán'),
('San José de Miranda'),
('San José de Pare'),
('San José de Uré'),
('San José de la Montaña'),
('San José del Fragua'),
('San José del Guaviare'),
('San José del Palmar'),
('San Juan de Arama'),
('San Juan de Betulia'),
('San Juan de Rioseco'),
('San Juan de Urabá'),
('San Juan del Cesar'),
('San Juan Nepomuceno'),
('San Juanito'),
('San Lorenzo'),
('San Luis'),
('San Luis'),
('San Luis de Gaceno'),
('San Luis de Palenque'),
('San Marcos'),
('San Martín'),
('San Martín'),
('San Martín de Loba'),
('San Mateo'),
('San Miguel  '),
('San Miguel'),
('San Miguel de Sema'),
('San Onofre'),
('San Pablo'),
('San Pablo'),
('San Pablo de Borbur'),
('San Pedro'),
('San Pedro'),
('San Pedro de Cartago'),
('San Pedro de Urabá'),
('San Pedro de los Milagros'),
('San Pelayo'),
('San Rafael'),
('San Roque'),
('San Sebastián'),
('San Sebastián de Buenavista'),
('San Vicente'),
('San Vicente de Chucurí'),
('San Vicente del Caguán'),
('San Zenón'),
('Sandoná'),
('Santa Ana'),
('Santa Bárbara'),
('Santa Bárbara'),
('Santa Bárbara'),
('Santa Bárbara de Pinto'),
('Santa Catalina'),
('Santa Fe de Antioquia'),
('Santa Helena del Opón'),
('Santa Isabel'),
('Santa Lucía'),
('Santa María'),
('Santa María'),
('Santa Marta'),
('Santa Rosa'),
('Santa Rosa'),
('Santa Rosa de Cabal'),
('Santa Rosa de Osos'),
('Santa Rosa de Viterbo'),
('Santa Rosa del Sur'),
('Santa Rosalía'),
('Santa Sofía'),
('Santacruz'),
('Santana'),
('Santander de Quilichao'),
('Santiago'),
('Santiago'),
('Santo Domingo'),
('Santo Domingo de Silos  '),
('Santo Tomás'),
('Santuario'),
('Sapuyes'),
('Saravena'),
('Sardinata  '),
('Sasaima'),
('Sativanorte'),
('Sativasur'),
('Segovia'),
('Sesquilé'),
('Sevilla'),
('Siachoque'),
('Sibaté'),
('Sibundoy  '),
('Silvania'),
('Silvia'),
('Simacota'),
('Simijaca'),
('Simití'),
('Sincé'),
('Sincelejo'),
('Sipí'),
('Sitionuevo'),
('Soacha'),
('Soatá'),
('Socha'),
('Socotá'),
('Sogamoso'),
('Solano'),
('Soledad'),
('Solita'),
('Somondoco'),
('Sonsón'),
('Sopetrán'),
('Soplaviento'),
('Sopó'),
('Sora'),
('Soracá'),
('Sotaquirá'),
('Sotará'),
('Suaita'),
('Suán'),
('Suárez'),
('Suárez'),
('Suaza'),
('Subachoque'),
('Sucre'),
('Sucre'),
('Sucre'),
('Suesca'),
('Supatá'),
('Supía'),
('Suratá'),
('Susa'),
('Susacón'),
('Sutamarchán'),
('Sutatausa'),
('Sutatenza'),
('Tabio'),
('Tadó'),
('Talaigua Nuevo'),
('Tamalameque'),
('Támara'),
('Tame'),
('Támesis'),
('Taminango'),
('Tangua'),
('Taraira l Vaupés'),
('Tarazá'),
('Tarquí'),
('Tarso'),
('Tasco'),
('Tauramena'),
('Tausa'),
('Tello'),
('Tena'),
('Tenerife'),
('Tenjo'),
('Tenza'),
('Teorama  '),
('Teruel'),
('Tesalia'),
('Tibacuy'),
('Tibaná'),
('Tibasosa'),
('Tibirita'),
('Tibú  '),
('Tierralta'),
('Timaná'),
('Timbío'),
('Timbiquí'),
('Tinjacá'),
('Tipacoque'),
('Tiquisio'),
('Titiribí'),
('Toca'),
('Tocaima'),
('Tocancipá'),
('Togüí'),
('Toledo'),
('Toledo  '),
('Tolú'),
('Tolú Viejo'),
('Tona'),
('Tópaga'),
('Topaipí'),
('Toribío'),
('Toro'),
('Tota'),
('Totoró'),
('Trinidad'),
('Trujillo'),
('Tubará'),
('Tuchín'),
('Tuluá'),
('Tumaco'),
('Tunja'),
('Tununguá'),
('Túquerres'),
('Turbaco'),
('Turbaná'),
('Turbo'),
('Turmequé'),
('Tuta'),
('Tutazá'),
('Ubalá'),
('Ubaque'),
('Ubaté'),
('Ulloa'),
('Úmbita'),
('Une'),
('Unión Panamericana'),
('Unguía'),
('Uramita'),
('Uribia'),
('Urrao'),
('Urumita'),
('Usiacurí'),
('Útica'),
('Valdivia'),
('Valencia'),
('Valle de San José'),
('Valle de San Juan'),
('Valle del Guamuez '),
('Valledupar'),
('Valparaíso'),
('Valparaíso'),
('Vegachí'),
('Vélez'),
('Venadillo'),
('Venecia'),
('Venecia'),
('Ventaquemada'),
('Vergara'),
('Versalles'),
('Vetas'),
('Vianí'),
('Victoria'),
('Vigía del Fuerte'),
('Vijes'),
('Villa Caro'),
('Villa de Leyva'),
('Villa del Rosario'),
('Villa Rica'),
('Villagarzón'),
('Villagómez'),
('Villahermosa'),
('Villamaría'),
('Villanueva'),
('Villapinzón'),
('Villarrica'),
('Villavicencio'),
('Villavieja'),
('Villeta'),
('Viotá'),
('Viracachá'),
('Vista Hermosa'),
('Viterbo'),
('Yacopí'),
('Yacuanquer'),
('Yaguará'),
('Yalí'),
('Yarumal'),
('Yolombó'),
('Yondó'),
('Yopal'),
('Yotoco'),
('Yumbo'),
('Zambrano'),
('Zapatoca'),
('Zapayán'),
('Zaragoza '),
('Zarzal'),
('Zetaquirá'),
('Zipacón'),
('Zipaquirá');

CREATE TABLE pagina(
  codpag INT(10) PRIMARY KEY AUTO_INCREMENT,
  nompag VARCHAR(255),
  rutpag VARCHAR(255),
  mospag TINYINT(1),
  icopag VARCHAR(255)
);
INSERT INTO `pagina` (`codpag`, `nompag`, `rutpag`,`mospag`, `icopag`) VALUES
(3145, 'Perfil', 'views/vper.php','1', 'fa-solid fa-user-tie ms-auto'),
(1001, 'Lista', 'views/vlis.php', '1', 'fa-solid fa-user-graduate'),
(1002, 'Cursos', 'views/vcrecur.php', '1','fa-solid fa-grip'),
(1003, 'Registro', 'views/vest.php', '1', 'fa-solid fa-users'),
(2001, 'Grupos', 'views/vgrue.php', '1', 'fa-solid fa-users-gear'),
(2002, 'Proyecto', 'views/vcrgrupo.php','1', 'fa-regular fa-folder-open'),
(3001, 'Fases', 'views/vfas.php','1', 'fa-solid fa-gears'),
(3002, 'Actividad', 'views/vact.php','1', 'fa-solid fa-gears'),
(4001, 'Dominio', 'views/vdom.php','1', 'fa-solid fa-bars-progress'),
(4004, 'Valor', 'views/vval.php','1', 'fa-solid fa-sheet-plastic'),
(4003, 'Pagina', 'views/vpag.php','1', 'fa-solid fa-clipboard-question'),
(4002, 'Lista de Institucion', 'views/vlisin.php','1', 'fa-solid fa-school-flag');
CREATE TABLE perfil(
  codper INT(11) PRIMARY KEY AUTO_INCREMENT,
  nomper VARCHAR(255),
  pagini bigint(10) NOT NULL
);
INSERT INTO `perfil` (`codper`, `nomper`, `pagini`) VALUES
(1, 'Administrador','4001'),
(2, 'Institución','1001'),
(3, 'Docente','2001'),
(4, 'Estudiante','3001'),
(5, 'Perfil','3145');
CREATE TABLE dominio(
  coddom INT(10) PRIMARY KEY AUTO_INCREMENT,
  nomdom VARCHAR(255)
);
INSERT INTO `dominio` (`coddom`, `nomdom`) VALUES
(1, 'Tipo de proyecto'),
(2, 'Tipo de documento'),
(3, 'Genero');
CREATE TABLE pagxper(
  codpag INT(10),
  codper INT(10),
  FOREIGN KEY (codpag) REFERENCES pagina(codpag), 
  FOREIGN KEY (codper) REFERENCES perfil(codper)
);
INSERT INTO `pagxper` (`codpag`, `codper`) VALUES
(3145, 1),
(3145, 2),
(3145, 3),
(3145, 4),
(4002, 1),
(1001, 1),
(3002, 1),
(3002, 4),
(3002, 3),
(4004, 1),
(1002, 1),
(1002, 2),
(1001, 2),
(1001, 3),
(1003, 2),
(1003, 1),
(4001, 1),
(4003, 1),
(2001, 3),
(2001, 4),
(2002, 3),
(2002, 4),
(3001, 4),
(3001, 3),
(2001, 1),
(2002, 1),
(3001, 1);
CREATE TABLE valor(
  codval INT(10) PRIMARY KEY AUTO_INCREMENT,
  coddom INT(10),
  nomval VARCHAR(255),
  FOREIGN KEY (coddom) REFERENCES dominio(coddom)
);
INSERT INTO `valor` (`codval`, `coddom`, `nomval`) VALUES
(1, 2, 'T.I'),
(2, 2, 'C.C'),
(3, 3, 'M'),
(4, 3, 'F'),
(5, 1, 'Tecnologicos y de Programacion'),
(6, 1, 'Ciencias y Medio Ambiente'),
(7, 1, 'Emprendimiento y Negocios'),
(8, 1, 'Arte y Cultura'),
(9, 1, 'Ciencias sociales y Educacion');
CREATE TABLE usuario(
  idusu INT(10) PRIMARY KEY AUTO_INCREMENT,
  codubi INT(255),
  numdoc INT(10) UNIQUE,
  tipdoc VARCHAR(255),
  nomusu VARCHAR(255),
  apeusu VARCHAR(255),
  actusu TINYINT(1),
  corusu VARCHAR(255) UNIQUE,
  telusu INT(10),
  pasusu VARCHAR(255),
  dirusu VARCHAR(255),
  edausu TINYINT(2),
  genusu VARCHAR(1),
  codper INT(10),
  codval INT(10),
  fotper VARCHAR(255),
  FOREIGN KEY (codubi) REFERENCES ubicacion(codubi),
  FOREIGN KEY (codper) REFERENCES perfil(codper),
  FOREIGN KEY (codval) REFERENCES valor(codval)
);
INSERT INTO `usuario` (`idusu`, `codubi`, `numdoc`, `tipdoc`, `nomusu`, `apeusu`,`actusu`, `corusu`, `telusu`, `pasusu`, `dirusu`, `edausu`, `genusu`, `codper`, `codval`, `fotper`) VALUES
(1, NULL, 1012339509, 'CC', 'Juan David', 'Ayala Valbuena', '1', 'juan.ayala0565@gmail.com', 0, '63982e54a7aeb0d89910475ba6dbd3ca6dd4e5a1', NULL, 18, 'M', 1, NULL, NULL),
(2, NULL, 1076738090, 'CC', 'Zaray Daniela', 'Cuervo Vega','1', 'danicuervo516@gmail.com', 0, 'fe703d258c7ef5f50b71e06565a65aa07194907f', NULL, 18, 'F', 1, NULL, NULL),
(3, NULL, 1003659307, 'CC', 'Jorge Dominguez', 'Dominguez Torres','1', 'jorgedt1013@gmail.com', 0, '10470c3b4b1fed12c3baac014be15fac67c6e815', NULL, 23, 'M', 1, NULL, NULL),
(4, NULL, 1072645195, 'CC', 'fabian camilo ', 'gonzalez rodriquez', '1','senseigonzalez06@gmail.com', 0, '49b4fbeb27a59e63ec60746fc34474fefcc89124', NULL, 19, 'M', 1, NULL, NULL),
(5, NULL, 1072646589, 'CC', 'Katerin Julieth', 'Perez Amarillo','1', 'katerinp422@gmail.com', 0, 'f19583f44a57db4faf12e48c9fc4cb6fd01e8052', NULL, 18, 'F', 1, NULL, NULL),
(6, NULL, 1076242583, 'CC', 'Alejandro', 'Wagner Carrillo','1', 'alejo.wagner03@gmail.com', 0, 'db545f47e29fa5c8a0e1b06b2ebdadc6b58a39d9', NULL, 18,'M',1,NULL, NULL),
(7, NULL, 1044332212, 'TI', 'Sofia', 'Nieto Cortez','1', 'sofinxicor12@gmail.com', 3123456687, '10470c3b4b1fed12c3baac014be15fac67c6e815', NULL, 13,'F',4,NULL, NULL),
(8, NULL, 1078945210, 'TI', 'Juan Felipe', 'Solorzano Jimenez','1', 'junasol@gmail.com', 3123456999, 'e7fe2435a38af10b88af974e00351d81d034c320', NULL, 16,'M',4,NULL, NULL),
(9, NULL, 1024332219, 'TI', 'Ana Gabriela', 'Arboleda Vanegas','1', 'angar34@gmail.com', 3329856684, '7b1eae8c5373dcf85d588fca24dc15754992e7b0', NULL, 10,'F',4,NULL, NULL),
(10, NULL,1173377212, 'TI', 'Martin Lorenzo', 'Contreras Rivera','1', 'martinrivera@gmail.com', 3853756999, 'f61a6f65efb6f2be99d76217a54cf415591bbf74', NULL, 11,'M',4,NULL, NULL),
(11, NULL, 1145830005, 'TI', 'Aurora', 'Salazar Rueda','1', 'Auroritasalazar@gmail.com', 3852456333, '732302116f5437a4133aa2230246bcd8ffe794ba', NULL, 12,'F',4,NULL, NULL),
(12, NULL, 1254787773, 'TI', 'Daniel Esteban', 'Castro chaparro','1', 'Daniesteban@gmail.com', 389632199, '16c0adbf7b29c600e24fc0d53a0e95e949156439', NULL, 12,'M',4,NULL, NULL),
(13, NULL, 1024998997, 'TI', 'Angela Emilia', 'Suarez Mora','1', 'Angelaemilia@gmail.com', 3964321684, 'f4979a0a11f56085a7de464910fa0904d7e738a4', NULL, 16,'F',4,NULL, NULL),
(14, NULL, 159884410, 'TI', 'Marta Liliana', 'Poveda Grisales','1', 'grisales34@gmail.com', 3951756753, '78827c9501f8bbc433524831150028d28f6a5157', NULL, 11,'F',4,NULL, NULL),
(15, NULL, 128695423, 'TI', 'Juan David', 'Murillo Penagos','1', 'juandamurillo@gmail.com', 396315986, 'e40c09ee3797454b37e962a05631384b69a475a9', NULL, 12,'M',4,NULL, NULL),
(16, NULL, 1024998000, 'TI', 'Emma Catalina', 'Lopez Cañon','1', 'emmacatialina@gmail.com', 3964374174, 'd716ef40e5aad558d27863edc19b0e013b4fe11c', NULL, 13,'F',4,NULL, NULL),
(17, NULL, 1986574324, 'TI', 'Carlos Wilson', 'Porras Sanchez','1', 'carlosparra34@gmail.com', 3951778546,'8e5ab1b840270c97e72a8b96f604a17f3c8c0f74', NULL, 17,'M',4,NULL, NULL),
(18, NULL, 8561247, 'CC', 'María José', 'García López','1', 'majomajo12@gmail.com', 3123456687, NULL, NULL, 28,'F',3,NULL, NULL),
(19, NULL, 9865472, 'CC', 'Ricardo Felipe', 'Pérez Martínez','1', 'felipelop@gmail.com', 3123485899, NULL, NULL, 36,'M',3,NULL, NULL),
(20, NULL,7532146, 'CC', 'Laura Isabel', 'Sánchez Rodríguez','1', 'laurita2234@gmail.com', 33125556684, NULL, NULL, 26,'F',3,NULL, NULL),
(21, NULL,5473201, 'CC', 'Miguel Ángel', 'Gómez Fernández','1', 'miguelangel22ra@gmail.com', 385399776999, NULL, NULL, 45,'M',3,NULL, NULL),
(22, NULL, 6568974, 'CC', 'Carmen Elena', 'López Sánchez','1', 'carmenezar@gmail.com', 3878546333, NULL, NULL, 22,'F',3,NULL, NULL),
(23, NULL, 787555001, 'CC', 'José Luis', 'Romero Díaz','1', 'joseluis12n@gmail.com', 389132199, NULL, NULL, 25,'M',3,NULL, NULL),
(24, NULL, 6532189, 'CC', 'Patricia Beatriza', 'Mendoza Ruiz','1', 'patricialia@gmail.com', 3978441684, NULL, NULL, 24,'F',3,NULL, NULL),
(25, NULL, 78945658, 'CC', 'Antonio Manuel', 'Álvarez González','1', 'alvarez@gmail.com', 3963756753, NULL, NULL, 42,'F',3,NULL, NULL),
(26, NULL, 98965004, 'CC', 'Juan Carlos', 'Torres Romero','1', 'juaplo@gmail.com', 393625986, NULL, NULL, 40,'M',3,NULL, NULL),
(27, NULL, 66548321, 'CC', 'Marta Elena', 'Castro Ramírez','1', 'Artaelenaa@gmail.com', 3978452174, NULL, NULL, 37,'F',3,NULL, NULL),
(28, NULL, 95662475, 'CC', 'Maritza', 'Ortega Pérez','1', 'marorteg@gmail.com', 3996325546, NULL, NULL, 39,'F',3,NULL, NULL);


CREATE TABLE curso(
  idcur INT(10) PRIMARY kEY AUTO_INCREMENT,
  codcur INT(10),
  nomcur VARCHAR(255),
  idusu INT(10),
  FOREIGN kEY (idusu) REFERENCES usuario(idusu)
);
CREATE TABLE usuxcur(
  idcur INT(10),
  idusu INT(10),
  FOREIGN kEY (idusu) REFERENCES usuario(idusu),
  FOREIGN kEY (idcur) REFERENCES curso(idcur)
);
CREATE TABLE ie (
  codie int(10) PRIMARY KEY AUTO_INCREMENT,
  nuicie int(12),
  pasie varchar(155),
  nomie varchar(255),
  dirie varchar(255),
  telie int(10),
  actie tinyint(1),
  corie varchar(255),
  codubi INT(255),
  munie TEXT,
  tipie varchar(255),
  FOREIGN kEY (codubi) REFERENCES ubicacion(codubi)
);
INSERT INTO `ie` (`codie`, `nuicie`, `pasie`, `nomie`, `dirie`, `telie`, `actie`, `corie`, `munie`, `tipie`) VALUES
(2, 345678, NULL, 'ale', 'av 28', 23456543, 1, 'ghfgdxfchgjgk@gmail.com', 'Zipaquira', 'Educacion superior');
CREATE TABLE grupo(
  idgru INT(10) PRIMARY KEY AUTO_INCREMENT,
  nomgru VARCHAR(255),
  idusu INT(10),
  FOREIGN KEY (idusu) REFERENCES usuario(idusu)
);
INSERT INTO `grupo` (`idgru`, `nomgru`, `idusu`) VALUES
(1, 'sdfsd', NULL),
(2, 'wawa', NULL);
CREATE TABLE usuxgru(
  idgru INT(10),
  idusu INT(10),
  FOREIGN kEY (idusu) REFERENCES usuario(idusu),
  FOREIGN kEY (idgru) REFERENCES grupo(idgru)
);
CREATE TABLE proyecto(
  codpro INT(10) PRIMARY KEY AUTO_INCREMENT,
  nompro VARCHAR(255),
  tempro VARCHAR(255),
  despro TEXT,
  inipro DATE, 
  finpro DATE,
  idusu INT(10),
  idgru INT(10),
  codval INT(10),
  FOREIGN KEY (idusu) REFERENCES usuario(idusu),
  FOREIGN kEY (codval) REFERENCES valor(codval),
   FOREIGN KEY (idgru) REFERENCES grupo(idgru)
);
INSERT INTO `proyecto` (`codpro`, `nompro`, `tempro`, `despro`, `inipro`, `finpro`, `idusu`, `idgru`, `codval`) VALUES
(4, 'essss ', 'Ciencias y Medio Ambiente', 'holaaa', '2025-03-08', '2025-03-27', NULL, 2, NULL);
CREATE TABLE fase(
  codfas INT(10) PRIMARY KEY AUTO_INCREMENT,
  nomfas VARCHAR(255),
  codpro INT(10),
  inifas DATE,
  finfas DATE,
  FOREIGN KEY (codpro) REFERENCES proyecto(codpro)
);
INSERT INTO `fase` (`codfas`, `nomfas`, `codpro`, `inifas`, `finfas`) VALUES
(6, 'assdasdas', 4, '2025-03-29', '2025-03-29');
CREATE TABLE actividad(
  codact INT(10) PRIMARY KEY AUTO_INCREMENT,
  codfas INT(10),
  desact TEXT,
  iniact DATE,
  finact DATE,
  FOREIGN KEY (codfas) REFERENCES fase(codfas) 
); 
